Time, Rain(mm),,,,, Latitude,23.77, Longitude,90.393,,,,,,,,,,,,,,,,,,,,,
CCS_1d20190725,329,,,,,,,,,,,,,,,,,,,,,,,,,,,,,
CCS_1d20230923,294,,,16,,,,,,,,,,,,,,,,,,,,,,,,,,
CCS_1d20180612,189,,,26,,,,,,,,,,,,,,,,,,,,,,,,,,
CCS_1d20231005,121,,,35,,,,,,,,,,,,,,,,,,,,,,,,,,
CCS_1d20210630,118,,,40,,,,,,,,,,,,,,,,,,,,,,,,,,
CCS_1d20210516,114,,,48,,,,,,,,,,,,,,,,,,,,,,,,,,
CCS_1d20180505,113,,,56,,,,,,,,,,,,,,,,,,,,,,,,,,
CCS_1d20170601,111,,,66,,,,,,,,,,,,,,,,,,,,,,,,,,
CCS_1d20170811,108,,,75,,,,,,,,,,,,,,,,,,,,,,,,,,
CCS_1d20170928,106,,,85,,,,,,,,,,,,,,,,,,,,,,,,,,
CCS_1d20220617,102,,,87,,,,,,,,,,,,,,,,,,,,,,,,,,
CCS_1d20221024,101,,,95,,,,,,,,,,,,,,,,,,,,,,,,,,
CCS_1d20150611,95,,,106,,,,,,,,,,,,,,,,,,,,,,,,,,
CCS_1d20220607,89,,,118,,,,,,,,,,,,,,,,,,,,,,,,,,
CCS_1d20230807,89,,,121,,,,,,,,,,,,,,,,,,,,,,,,,,
CCS_1d20160611,87,,,189,,,,,,,,,,,,,,,,,,,,,,,,,,
CCS_1d20150715,85,,,198,,,,,,,,,,,,,,,,,,,,,,,,,,
CCS_1d20150515,84,,,235,,,,,,,,,,,,,,,,,,,,,,,,,,
CCS_1d20210518,84,,,266,,,,,,,,,,,,,,,,,,,,,,,,,,
CCS_1d20171006,81,,,294,,,,,,,,,,,,,,,,,,,,,,,,,,
CCS_1d20190713,81,,,314,,,,,,,,,,,,,,,,,,,,,,,,,,
CCS_1d20140814,80,,,329,,,,,,,,,,,,,,,,,,,,,,,,,,
CCS_1d20170515,80,,,,,,,,,,,,,,,,,,,,,,,,,,,,,
CCS_1d20150820,78,,,,,,,,,,,,,,,,,,,,,,,,,,,,,
CCS_1d20230701,78,,,,,,,,,,,,,,,,,,,,,,,,,,,,,
CCS_1d20190615,77,,,,,,,,,,,,,,,,,,,,,,,,,,,,,
CCS_1d20170618,75,,,,,,,,,,,,,,,,,,,,,,,,,,,,,
CCS_1d20200920,75,,,,,,,,,,,,,,,,,,,,,,,,,,,,,
CCS_1d20150819,71,,,,,,,,,,,,,,,,,,,,,,,,,,,,,
CCS_1d20220629,71,,,,,,,,,,,,,,,,,,,,,,,,,,,,,
CCS_1d20140623,68,,,,,,,,,,,,,,,,,,,,,,,,,,,,,
CCS_1d20181010,67,,,,,,,,,,,,,,,,,,,,,,,,,,,,,
CCS_1d20190711,67,,,,,,,,,,,,,,,,,,,,,,,,,,,,,
CCS_1d20220609,66,,,,,,,,,,,,,,,,,,,,,,,,,,,,,
CCS_1d20231006,64,,,,,,,,,,,,,,,,,,,,,,,,,,,,,
CCS_1d20210601,63,,,,,,,,,,,,,,,,,,,,,,,,,,,,,
CCS_1d20180720,62,,,,,,,,,,,,,,,,,,,,,,,,,,,,,
CCS_1d20211006,62,,,,,,,,,,,,,,,,,,,,,,,,,,,,,
CCS_1d20230806,62,,,,,,,,,,,,,,,,,,,,,,,,,,,,,
CCS_1d20190524,61,,,,,,,,,,,,,,,,,,,,,,,,,,,,,
CCS_1d20190805,61,,,,,,,,,,,,,,,,,,,,,,,,,,,,,
CCS_1d20180531,59,,,,,,,,,,,,,,,,,,,,,,,,,,,,,
CCS_1d20150707,58,,,,,,,,,,,,,,,,,,,,,,,,,,,,,
CCS_1d20210517,58,,,,,,,,,,,,,,,,,,,,,,,,,,,,,
CCS_1d20180714,57,,,,,,,,,,,,,,,,,,,,,,,,,,,,,
CCS_1d20170605,56,,,,,,,,,,,,,,,,,,,,,,,,,,,,,
CCS_1d20180723,56,,,,,,,,,,,,,,,,,,,,,,,,,,,,,
CCS_1d20200520,56,,,,,,,,,,,,,,,,,,,,,,,,,,,,,
CCS_1d20170619,54,,,,,,,,,,,,,,,,,,,,,,,,,,,,,
CCS_1d20190712,54,,,,,,,,,,,,,,,,,,,,,,,,,,,,,
CCS_1d20170918,53,,,,,,,,,,,,,,,,,,,,,,,,,,,,,
CCS_1d20210727,53,,,,,,,,,,,,,,,,,,,,,,,,,,,,,
CCS_1d20230921,53,,,,,,,,,,,,,,,,,,,,,,,,,,,,,
CCS_1d20180818,52,,,,,,,,,,,,,,,,,,,,,,,,,,,,,
CCS_1d20140926,51,,,,,,,,,,,,,,,,,,,,,,,,,,,,,
CCS_1d20221002,51,,,,,,,,,,,,,,,,,,,,,,,,,,,,,
CCS_1d20150625,50,,,,,,,,,,,,,,,,,,,,,,,,,,,,,
CCS_1d20170419,50,,,,,,,,,,,,,,,,,,,,,,,,,,,,,
CCS_1d20150529,48,,,,,,,,,,,,,,,,,,,,,,,,,,,,,
CCS_1d20160725,48,,,,,,,,,,,,,,,,,,,,,,,,,,,,,
CCS_1d20200804,48,,,,,,,,,,,,,,,,,,,,,,,,,,,,,
CCS_1d20230616,48,,,,,,,,,,,,,,,,,,,,,,,,,,,,,
CCS_1d20180925,47,,,,,,,,,,,,,,,,,,,,,,,,,,,,,
CCS_1d20220613,47,,,,,,,,,,,,,,,,,,,,,,,,,,,,,
CCS_1d20140830,46,,,,,,,,,,,,,,,,,,,,,,,,,,,,,
CCS_1d20210524,46,,,,,,,,,,,,,,,,,,,,,,,,,,,,,
CCS_1d20210905,46,,,,,,,,,,,,,,,,,,,,,,,,,,,,,
CCS_1d20170804,45,,,,,,,,,,,,,,,,,,,,,,,,,,,,,
CCS_1d20170927,45,,,,,,,,,,,,,,,,,,,,,,,,,,,,,
CCS_1d20190901,45,,,,,,,,,,,,,,,,,,,,,,,,,,,,,
CCS_1d20200925,45,,,,,,,,,,,,,,,,,,,,,,,,,,,,,
CCS_1d20210927,45,,,,,,,,,,,,,,,,,,,,,,,,,,,,,
CCS_1d20230615,45,,,,,,,,,,,,,,,,,,,,,,,,,,,,,
CCS_1d20170911,44,,,,,,,,,,,,,,,,,,,,,,,,,,,,,
CCS_1d20180420,44,,,,,,,,,,,,,,,,,,,,,,,,,,,,,
CCS_1d20190902,44,,,,,,,,,,,,,,,,,,,,,,,,,,,,,
CCS_1d20221001,44,,,,,,,,,,,,,,,,,,,,,,,,,,,,,
CCS_1d20200914,43,,,,,,,,,,,,,,,,,,,,,,,,,,,,,
CCS_1d20140727,42,,,,,,,,,,,,,,,,,,,,,,,,,,,,,
CCS_1d20160626,42,,,,,,,,,,,,,,,,,,,,,,,,,,,,,
CCS_1d20180801,42,,,,,,,,,,,,,,,,,,,,,,,,,,,,,
CCS_1d20190630,42,,,,,,,,,,,,,,,,,,,,,,,,,,,,,
CCS_1d20200709,42,,,,,,,,,,,,,,,,,,,,,,,,,,,,,
CCS_1d20160821,41,,,,,,,,,,,,,,,,,,,,,,,,,,,,,
CCS_1d20171021,41,,,,,,,,,,,,,,,,,,,,,,,,,,,,,
CCS_1d20230618,41,,,,,,,,,,,,,,,,,,,,,,,,,,,,,
CCS_1d20150918,40,,,,,,,,,,,,,,,,,,,,,,,,,,,,,
CCS_1d20150919,40,,,,,,,,,,,,,,,,,,,,,,,,,,,,,
CCS_1d20170609,40,,,,,,,,,,,,,,,,,,,,,,,,,,,,,
CCS_1d20170617,40,,,,,,,,,,,,,,,,,,,,,,,,,,,,,
CCS_1d20140828,39,,,,,,,,,,,,,,,,,,,,,,,,,,,,,
CCS_1d20220723,39,,,,,,,,,,,,,,,,,,,,,,,,,,,,,
CCS_1d20140819,38,,,,,,,,,,,,,,,,,,,,,,,,,,,,,
CCS_1d20150909,38,,,,,,,,,,,,,,,,,,,,,,,,,,,,,
CCS_1d20200604,38,,,,,,,,,,,,,,,,,,,,,,,,,,,,,
CCS_1d20200721,38,,,,,,,,,,,,,,,,,,,,,,,,,,,,,
CCS_1d20150923,37,,,,,,,,,,,,,,,,,,,,,,,,,,,,,
CCS_1d20160825,37,,,,,,,,,,,,,,,,,,,,,,,,,,,,,
CCS_1d20160901,37,,,,,,,,,,,,,,,,,,,,,,,,,,,,,
CCS_1d20170614,37,,,,,,,,,,,,,,,,,,,,,,,,,,,,,
CCS_1d20170717,37,,,,,,,,,,,,,,,,,,,,,,,,,,,,,
CCS_1d20160607,36,,,,,,,,,,,,,,,,,,,,,,,,,,,,,
CCS_1d20160708,36,,,,,,,,,,,,,,,,,,,,,,,,,,,,,
CCS_1d20200720,36,,,,,,,,,,,,,,,,,,,,,,,,,,,,,
CCS_1d20230630,36,,,,,,,,,,,,,,,,,,,,,,,,,,,,,
CCS_1d20230917,36,,,,,,,,,,,,,,,,,,,,,,,,,,,,,
CCS_1d20151008,35,,,,,,,,,,,,,,,,,,,,,,,,,,,,,
CCS_1d20160403,35,,,,,,,,,,,,,,,,,,,,,,,,,,,,,
CCS_1d20170810,35,,,,,,,,,,,,,,,,,,,,,,,,,,,,,
CCS_1d20180911,35,,,,,,,,,,,,,,,,,,,,,,,,,,,,,
CCS_1d20190503,35,,,,,,,,,,,,,,,,,,,,,,,,,,,,,
CCS_1d20200711,35,,,,,,,,,,,,,,,,,,,,,,,,,,,,,
CCS_1d20201023,35,,,,,,,,,,,,,,,,,,,,,,,,,,,,,
CCS_1d20210805,35,,,,,,,,,,,,,,,,,,,,,,,,,,,,,
CCS_1d20220905,35,,,,,,,,,,,,,,,,,,,,,,,,,,,,,
CCS_1d20221009,35,,,,,,,,,,,,,,,,,,,,,,,,,,,,,
CCS_1d20140922,34,,,,,,,,,,,,,,,,,,,,,,,,,,,,,
CCS_1d20150710,34,,,,,,,,,,,,,,,,,,,,,,,,,,,,,
CCS_1d20150913,34,,,,,,,,,,,,,,,,,,,,,,,,,,,,,
CCS_1d20160520,34,,,,,,,,,,,,,,,,,,,,,,,,,,,,,
CCS_1d20220801,34,,,,,,,,,,,,,,,,,,,,,,,,,,,,,
CCS_1d20221008,34,,,,,,,,,,,,,,,,,,,,,,,,,,,,,
CCS_1d20140827,33,,,,,,,,,,,,,,,,,,,,,,,,,,,,,
CCS_1d20180811,33,,,,,,,,,,,,,,,,,,,,,,,,,,,,,
CCS_1d20190715,33,,,,,,,,,,,,,,,,,,,,,,,,,,,,,
CCS_1d20140918,32,,,,,,,,,,,,,,,,,,,,,,,,,,,,,
CCS_1d20150613,32,,,,,,,,,,,,,,,,,,,,,,,,,,,,,
CCS_1d20160716,32,,,,,,,,,,,,,,,,,,,,,,,,,,,,,
CCS_1d20170805,32,,,,,,,,,,,,,,,,,,,,,,,,,,,,,
CCS_1d20190628,32,,,,,,,,,,,,,,,,,,,,,,,,,,,,,
CCS_1d20230721,32,,,,,,,,,,,,,,,,,,,,,,,,,,,,,
CCS_1d20150511,31,,,,,,,,,,,,,,,,,,,,,,,,,,,,,
CCS_1d20150714,31,,,,,,,,,,,,,,,,,,,,,,,,,,,,,
CCS_1d20150831,31,,,,,,,,,,,,,,,,,,,,,,,,,,,,,
CCS_1d20160330,31,,,,,,,,,,,,,,,,,,,,,,,,,,,,,
CCS_1d20160416,31,,,,,,,,,,,,,,,,,,,,,,,,,,,,,
CCS_1d20170608,31,,,,,,,,,,,,,,,,,,,,,,,,,,,,,
CCS_1d20170712,31,,,,,,,,,,,,,,,,,,,,,,,,,,,,,
CCS_1d20190710,31,,,,,,,,,,,,,,,,,,,,,,,,,,,,,
CCS_1d20190823,31,,,,,,,,,,,,,,,,,,,,,,,,,,,,,
CCS_1d20210901,31,,,,,,,,,,,,,,,,,,,,,,,,,,,,,
CCS_1d20230512,31,,,,,,,,,,,,,,,,,,,,,,,,,,,,,
CCS_1d20140712,30,,,,,,,,,,,,,,,,,,,,,,,,,,,,,
CCS_1d20150830,30,,,,,,,,,,,,,,,,,,,,,,,,,,,,,
CCS_1d20170815,30,,,,,,,,,,,,,,,,,,,,,,,,,,,,,
CCS_1d20180717,29,,,,,,,,,,,,,,,,,,,,,,,,,,,,,
CCS_1d20180814,29,,,,,,,,,,,,,,,,,,,,,,,,,,,,,
CCS_1d20200618,29,,,,,,,,,,,,,,,,,,,,,,,,,,,,,
CCS_1d20210928,29,,,,,,,,,,,,,,,,,,,,,,,,,,,,,
CCS_1d20211020,29,,,,,,,,,,,,,,,,,,,,,,,,,,,,,
CCS_1d20230608,29,,,,,,,,,,,,,,,,,,,,,,,,,,,,,
CCS_1d20140920,28,,,,,,,,,,,,,,,,,,,,,,,,,,,,,
CCS_1d20150920,28,,,,,,,,,,,,,,,,,,,,,,,,,,,,,
CCS_1d20160913,28,,,,,,,,,,,,,,,,,,,,,,,,,,,,,
CCS_1d20161005,28,,,,,,,,,,,,,,,,,,,,,,,,,,,,,
CCS_1d20180713,28,,,,,,,,,,,,,,,,,,,,,,,,,,,,,
CCS_1d20180715,28,,,,,,,,,,,,,,,,,,,,,,,,,,,,,
CCS_1d20180919,28,,,,,,,,,,,,,,,,,,,,,,,,,,,,,
CCS_1d20200606,28,,,,,,,,,,,,,,,,,,,,,,,,,,,,,
CCS_1d20200609,28,,,,,,,,,,,,,,,,,,,,,,,,,,,,,
CCS_1d20200901,28,,,,,,,,,,,,,,,,,,,,,,,,,,,,,
CCS_1d20200909,28,,,,,,,,,,,,,,,,,,,,,,,,,,,,,
CCS_1d20210606,28,,,,,,,,,,,,,,,,,,,,,,,,,,,,,
CCS_1d20230731,28,,,,,,,,,,,,,,,,,,,,,,,,,,,,,
CCS_1d20150719,27,,,,,,,,,,,,,,,,,,,,,,,,,,,,,
CCS_1d20170425,27,,,,,,,,,,,,,,,,,,,,,,,,,,,,,
CCS_1d20180521,27,,,,,,,,,,,,,,,,,,,,,,,,,,,,,
CCS_1d20200402,27,,,,,,,,,,,,,,,,,,,,,,,,,,,,,
CCS_1d20140602,26,,,,,,,,,,,,,,,,,,,,,,,,,,,,,
CCS_1d20150610,26,,,,,,,,,,,,,,,,,,,,,,,,,,,,,
CCS_1d20150718,26,,,,,,,,,,,,,,,,,,,,,,,,,,,,,
CCS_1d20160622,26,,,,,,,,,,,,,,,,,,,,,,,,,,,,,
CCS_1d20170720,26,,,,,,,,,,,,,,,,,,,,,,,,,,,,,
CCS_1d20170812,26,,,,,,,,,,,,,,,,,,,,,,,,,,,,,
CCS_1d20170910,26,,,,,,,,,,,,,,,,,,,,,,,,,,,,,
CCS_1d20171014,26,,,,,,,,,,,,,,,,,,,,,,,,,,,,,
CCS_1d20190822,26,,,,,,,,,,,,,,,,,,,,,,,,,,,,,
CCS_1d20200910,26,,,,,,,,,,,,,,,,,,,,,,,,,,,,,
CCS_1d20140528,25,,,,,,,,,,,,,,,,,,,,,,,,,,,,,
CCS_1d20140615,25,,,,,,,,,,,,,,,,,,,,,,,,,,,,,
CCS_1d20140826,25,,,,,,,,,,,,,,,,,,,,,,,,,,,,,
CCS_1d20160816,25,,,,,,,,,,,,,,,,,,,,,,,,,,,,,
CCS_1d20160919,25,,,,,,,,,,,,,,,,,,,,,,,,,,,,,
CCS_1d20170611,25,,,,,,,,,,,,,,,,,,,,,,,,,,,,,
CCS_1d20170612,25,,,,,,,,,,,,,,,,,,,,,,,,,,,,,
CCS_1d20170703,25,,,,,,,,,,,,,,,,,,,,,,,,,,,,,
CCS_1d20170827,25,,,,,,,,,,,,,,,,,,,,,,,,,,,,,
CCS_1d20171005,25,,,,,,,,,,,,,,,,,,,,,,,,,,,,,
CCS_1d20171112,25,,,,,,,,,,,,,,,,,,,,,,,,,,,,,
CCS_1d20190331,25,,,,,,,,,,,,,,,,,,,,,,,,,,,,,
CCS_1d20160926,24,,,,,,,,,,,,,,,,,,,,,,,,,,,,,
CCS_1d20170405,24,,,,,,,,,,,,,,,,,,,,,,,,,,,,,
CCS_1d20180522,24,,,,,,,,,,,,,,,,,,,,,,,,,,,,,
CCS_1d20180805,24,,,,,,,,,,,,,,,,,,,,,,,,,,,,,
CCS_1d20190812,24,,,,,,,,,,,,,,,,,,,,,,,,,,,,,
CCS_1d20200421,24,,,,,,,,,,,,,,,,,,,,,,,,,,,,,
CCS_1d20210917,24,,,,,,,,,,,,,,,,,,,,,,,,,,,,,
CCS_1d20220822,24,,,,,,,,,,,,,,,,,,,,,,,,,,,,,
CCS_1d20230902,24,,,,,,,,,,,,,,,,,,,,,,,,,,,,,
CCS_1d20140611,23,,,,,,,,,,,,,,,,,,,,,,,,,,,,,
CCS_1d20140713,23,,,,,,,,,,,,,,,,,,,,,,,,,,,,,
CCS_1d20150624,23,,,,,,,,,,,,,,,,,,,,,,,,,,,,,
CCS_1d20150724,23,,,,,,,,,,,,,,,,,,,,,,,,,,,,,
CCS_1d20170422,23,,,,,,,,,,,,,,,,,,,,,,,,,,,,,
CCS_1d20170930,23,,,,,,,,,,,,,,,,,,,,,,,,,,,,,
CCS_1d20210605,23,,,,,,,,,,,,,,,,,,,,,,,,,,,,,
CCS_1d20230609,23,,,,,,,,,,,,,,,,,,,,,,,,,,,,,
CCS_1d20230825,23,,,,,,,,,,,,,,,,,,,,,,,,,,,,,
CCS_1d20230907,23,,,,,,,,,,,,,,,,,,,,,,,,,,,,,
CCS_1d20140501,22,,,,,,,,,,,,,,,,,,,,,,,,,,,,,
CCS_1d20150807,22,,,,,,,,,,,,,,,,,,,,,,,,,,,,,
CCS_1d20160329,22,,,,,,,,,,,,,,,,,,,,,,,,,,,,,
CCS_1d20160815,22,,,,,,,,,,,,,,,,,,,,,,,,,,,,,
CCS_1d20160920,22,,,,,,,,,,,,,,,,,,,,,,,,,,,,,
CCS_1d20190620,22,,,,,,,,,,,,,,,,,,,,,,,,,,,,,
CCS_1d20190726,22,,,,,,,,,,,,,,,,,,,,,,,,,,,,,
CCS_1d20200601,22,,,,,,,,,,,,,,,,,,,,,,,,,,,,,
CCS_1d20210925,22,,,,,,,,,,,,,,,,,,,,,,,,,,,,,
CCS_1d20211013,22,,,,,,,,,,,,,,,,,,,,,,,,,,,,,
CCS_1d20220803,22,,,,,,,,,,,,,,,,,,,,,,,,,,,,,
CCS_1d20220805,22,,,,,,,,,,,,,,,,,,,,,,,,,,,,,
CCS_1d20230617,22,,,,,,,,,,,,,,,,,,,,,,,,,,,,,
CCS_1d20230929,22,,,,,,,,,,,,,,,,,,,,,,,,,,,,,
CCS_1d20140714,21,,,,,,,,,,,,,,,,,,,,,,,,,,,,,
CCS_1d20140728,21,,,,,,,,,,,,,,,,,,,,,,,,,,,,,
CCS_1d20150330,21,,,,,,,,,,,,,,,,,,,,,,,,,,,,,
CCS_1d20150401,21,,,,,,,,,,,,,,,,,,,,,,,,,,,,,
CCS_1d20150407,21,,,,,,,,,,,,,,,,,,,,,,,,,,,,,
CCS_1d20150706,21,,,,,,,,,,,,,,,,,,,,,,,,,,,,,
CCS_1d20150720,21,,,,,,,,,,,,,,,,,,,,,,,,,,,,,
CCS_1d20160702,21,,,,,,,,,,,,,,,,,,,,,,,,,,,,,
CCS_1d20170704,21,,,,,,,,,,,,,,,,,,,,,,,,,,,,,
CCS_1d20170831,21,,,,,,,,,,,,,,,,,,,,,,,,,,,,,
CCS_1d20171020,21,,,,,,,,,,,,,,,,,,,,,,,,,,,,,
CCS_1d20180506,21,,,,,,,,,,,,,,,,,,,,,,,,,,,,,
CCS_1d20180731,21,,,,,,,,,,,,,,,,,,,,,,,,,,,,,
CCS_1d20180927,21,,,,,,,,,,,,,,,,,,,,,,,,,,,,,
CCS_1d20190614,21,,,,,,,,,,,,,,,,,,,,,,,,,,,,,
CCS_1d20200611,21,,,,,,,,,,,,,,,,,,,,,,,,,,,,,
CCS_1d20210607,21,,,,,,,,,,,,,,,,,,,,,,,,,,,,,
CCS_1d20230912,21,,,,,,,,,,,,,,,,,,,,,,,,,,,,,
CCS_1d20140610,20,,,,,,,,,,,,,,,,,,,,,,,,,,,,,
CCS_1d20140626,20,,,,,,,,,,,,,,,,,,,,,,,,,,,,,
CCS_1d20140820,20,,,,,,,,,,,,,,,,,,,,,,,,,,,,,
CCS_1d20151006,20,,,,,,,,,,,,,,,,,,,,,,,,,,,,,
CCS_1d20160820,20,,,,,,,,,,,,,,,,,,,,,,,,,,,,,
CCS_1d20170803,20,,,,,,,,,,,,,,,,,,,,,,,,,,,,,
CCS_1d20171019,20,,,,,,,,,,,,,,,,,,,,,,,,,,,,,
CCS_1d20180727,20,,,,,,,,,,,,,,,,,,,,,,,,,,,,,
CCS_1d20180819,20,,,,,,,,,,,,,,,,,,,,,,,,,,,,,
CCS_1d20180914,20,,,,,,,,,,,,,,,,,,,,,,,,,,,,,
CCS_1d20190708,20,,,,,,,,,,,,,,,,,,,,,,,,,,,,,
CCS_1d20190831,20,,,,,,,,,,,,,,,,,,,,,,,,,,,,,
CCS_1d20200626,20,,,,,,,,,,,,,,,,,,,,,,,,,,,,,
CCS_1d20210613,20,,,,,,,,,,,,,,,,,,,,,,,,,,,,,
CCS_1d20210722,20,,,,,,,,,,,,,,,,,,,,,,,,,,,,,
CCS_1d20220714,20,,,,,,,,,,,,,,,,,,,,,,,,,,,,,
CCS_1d20140719,19,,,,,,,,,,,,,,,,,,,,,,,,,,,,,
CCS_1d20150708,19,,,,,,,,,,,,,,,,,,,,,,,,,,,,,
CCS_1d20150906,19,,,,,,,,,,,,,,,,,,,,,,,,,,,,,
CCS_1d20160801,19,,,,,,,,,,,,,,,,,,,,,,,,,,,,,
CCS_1d20170816,19,,,,,,,,,,,,,,,,,,,,,,,,,,,,,
CCS_1d20170929,19,,,,,,,,,,,,,,,,,,,,,,,,,,,,,
CCS_1d20180813,19,,,,,,,,,,,,,,,,,,,,,,,,,,,,,
CCS_1d20180913,19,,,,,,,,,,,,,,,,,,,,,,,,,,,,,
CCS_1d20200824,19,,,,,,,,,,,,,,,,,,,,,,,,,,,,,
CCS_1d20210824,19,,,,,,,,,,,,,,,,,,,,,,,,,,,,,
CCS_1d20210826,19,,,,,,,,,,,,,,,,,,,,,,,,,,,,,
CCS_1d20230612,19,,,,,,,,,,,,,,,,,,,,,,,,,,,,,
CCS_1d20230628,19,,,,,,,,,,,,,,,,,,,,,,,,,,,,,
CCS_1d20230629,19,,,,,,,,,,,,,,,,,,,,,,,,,,,,,
CCS_1d20140726,18,,,,,,,,,,,,,,,,,,,,,,,,,,,,,
CCS_1d20140813,18,,,,,,,,,,,,,,,,,,,,,,,,,,,,,
CCS_1d20140815,18,,,,,,,,,,,,,,,,,,,,,,,,,,,,,
CCS_1d20150521,18,,,,,,,,,,,,,,,,,,,,,,,,,,,,,
CCS_1d20150901,18,,,,,,,,,,,,,,,,,,,,,,,,,,,,,
CCS_1d20160507,18,,,,,,,,,,,,,,,,,,,,,,,,,,,,,
CCS_1d20160617,18,,,,,,,,,,,,,,,,,,,,,,,,,,,,,
CCS_1d20160627,18,,,,,,,,,,,,,,,,,,,,,,,,,,,,,
CCS_1d20160628,18,,,,,,,,,,,,,,,,,,,,,,,,,,,,,
CCS_1d20180530,18,,,,,,,,,,,,,,,,,,,,,,,,,,,,,
CCS_1d20180817,18,,,,,,,,,,,,,,,,,,,,,,,,,,,,,
CCS_1d20190811,18,,,,,,,,,,,,,,,,,,,,,,,,,,,,,
CCS_1d20200710,18,,,,,,,,,,,,,,,,,,,,,,,,,,,,,
CCS_1d20200915,18,,,,,,,,,,,,,,,,,,,,,,,,,,,,,
CCS_1d20201012,18,,,,,,,,,,,,,,,,,,,,,,,,,,,,,
CCS_1d20210729,18,,,,,,,,,,,,,,,,,,,,,,,,,,,,,
CCS_1d20220422,18,,,,,,,,,,,,,,,,,,,,,,,,,,,,,
CCS_1d20220616,18,,,,,,,,,,,,,,,,,,,,,,,,,,,,,
CCS_1d20140527,17,,,,,,,,,,,,,,,,,,,,,,,,,,,,,
CCS_1d20150709,17,,,,,,,,,,,,,,,,,,,,,,,,,,,,,
CCS_1d20160917,17,,,,,,,,,,,,,,,,,,,,,,,,,,,,,
CCS_1d20170817,17,,,,,,,,,,,,,,,,,,,,,,,,,,,,,
CCS_1d20180815,17,,,,,,,,,,,,,,,,,,,,,,,,,,,,,
CCS_1d20180926,17,,,,,,,,,,,,,,,,,,,,,,,,,,,,,
CCS_1d20190621,17,,,,,,,,,,,,,,,,,,,,,,,,,,,,,
CCS_1d20190709,17,,,,,,,,,,,,,,,,,,,,,,,,,,,,,
CCS_1d20190724,17,,,,,,,,,,,,,,,,,,,,,,,,,,,,,
CCS_1d20200617,17,,,,,,,,,,,,,,,,,,,,,,,,,,,,,
CCS_1d20210904,17,,,,,,,,,,,,,,,,,,,,,,,,,,,,,
CCS_1d20220602,17,,,,,,,,,,,,,,,,,,,,,,,,,,,,,
CCS_1d20220906,17,,,,,,,,,,,,,,,,,,,,,,,,,,,,,
CCS_1d20220914,17,,,,,,,,,,,,,,,,,,,,,,,,,,,,,
CCS_1d20230513,17,,,,,,,,,,,,,,,,,,,,,,,,,,,,,
CCS_1d20140526,16,,,,,,,,,,,,,,,,,,,,,,,,,,,,,
CCS_1d20150615,16,,,,,,,,,,,,,,,,,,,,,,,,,,,,,
CCS_1d20150721,16,,,,,,,,,,,,,,,,,,,,,,,,,,,,,
CCS_1d20151005,16,,,,,,,,,,,,,,,,,,,,,,,,,,,,,
CCS_1d20170616,16,,,,,,,,,,,,,,,,,,,,,,,,,,,,,
CCS_1d20170819,16,,,,,,,,,,,,,,,,,,,,,,,,,,,,,
CCS_1d20180825,16,,,,,,,,,,,,,,,,,,,,,,,,,,,,,
CCS_1d20191023,16,,,,,,,,,,,,,,,,,,,,,,,,,,,,,
CCS_1d20200719,16,,,,,,,,,,,,,,,,,,,,,,,,,,,,,
CCS_1d20200729,16,,,,,,,,,,,,,,,,,,,,,,,,,,,,,
CCS_1d20200814,16,,,,,,,,,,,,,,,,,,,,,,,,,,,,,
CCS_1d20210609,16,,,,,,,,,,,,,,,,,,,,,,,,,,,,,
CCS_1d20210709,16,,,,,,,,,,,,,,,,,,,,,,,,,,,,,
CCS_1d20210823,16,,,,,,,,,,,,,,,,,,,,,,,,,,,,,
CCS_1d20230702,16,,,,,,,,,,,,,,,,,,,,,,,,,,,,,
CCS_1d20230903,16,,,,,,,,,,,,,,,,,,,,,,,,,,,,,
CCS_1d20140525,15,,,,,,,,,,,,,,,,,,,,,,,,,,,,,
CCS_1d20140531,15,,,,,,,,,,,,,,,,,,,,,,,,,,,,,
CCS_1d20140617,15,,,,,,,,,,,,,,,,,,,,,,,,,,,,,
CCS_1d20140715,15,,,,,,,,,,,,,,,,,,,,,,,,,,,,,
CCS_1d20140921,15,,,,,,,,,,,,,,,,,,,,,,,,,,,,,
CCS_1d20140924,15,,,,,,,,,,,,,,,,,,,,,,,,,,,,,
CCS_1d20150818,15,,,,,,,,,,,,,,,,,,,,,,,,,,,,,
CCS_1d20150911,15,,,,,,,,,,,,,,,,,,,,,,,,,,,,,
CCS_1d20160612,15,,,,,,,,,,,,,,,,,,,,,,,,,,,,,
CCS_1d20160902,15,,,,,,,,,,,,,,,,,,,,,,,,,,,,,
CCS_1d20170517,15,,,,,,,,,,,,,,,,,,,,,,,,,,,,,
CCS_1d20170529,15,,,,,,,,,,,,,,,,,,,,,,,,,,,,,
CCS_1d20190406,15,,,,,,,,,,,,,,,,,,,,,,,,,,,,,
CCS_1d20190605,15,,,,,,,,,,,,,,,,,,,,,,,,,,,,,
CCS_1d20190626,15,,,,,,,,,,,,,,,,,,,,,,,,,,,,,
CCS_1d20190714,15,,,,,,,,,,,,,,,,,,,,,,,,,,,,,
CCS_1d20200831,15,,,,,,,,,,,,,,,,,,,,,,,,,,,,,
CCS_1d20200926,15,,,,,,,,,,,,,,,,,,,,,,,,,,,,,
CCS_1d20210530,15,,,,,,,,,,,,,,,,,,,,,,,,,,,,,
CCS_1d20210611,15,,,,,,,,,,,,,,,,,,,,,,,,,,,,,
CCS_1d20220601,15,,,,,,,,,,,,,,,,,,,,,,,,,,,,,
CCS_1d20220806,15,,,,,,,,,,,,,,,,,,,,,,,,,,,,,
CCS_1d20140622,14,,,,,,,,,,,,,,,,,,,,,,,,,,,,,
CCS_1d20140711,14,,,,,,,,,,,,,,,,,,,,,,,,,,,,,
CCS_1d20140730,14,,,,,,,,,,,,,,,,,,,,,,,,,,,,,
CCS_1d20150619,14,,,,,,,,,,,,,,,,,,,,,,,,,,,,,
CCS_1d20150727,14,,,,,,,,,,,,,,,,,,,,,,,,,,,,,
CCS_1d20150801,14,,,,,,,,,,,,,,,,,,,,,,,,,,,,,
CCS_1d20160512,14,,,,,,,,,,,,,,,,,,,,,,,,,,,,,
CCS_1d20160828,14,,,,,,,,,,,,,,,,,,,,,,,,,,,,,
CCS_1d20180619,14,,,,,,,,,,,,,,,,,,,,,,,,,,,,,
CCS_1d20190617,14,,,,,,,,,,,,,,,,,,,,,,,,,,,,,
CCS_1d20190909,14,,,,,,,,,,,,,,,,,,,,,,,,,,,,,
CCS_1d20190916,14,,,,,,,,,,,,,,,,,,,,,,,,,,,,,
CCS_1d20200513,14,,,,,,,,,,,,,,,,,,,,,,,,,,,,,
CCS_1d20200527,14,,,,,,,,,,,,,,,,,,,,,,,,,,,,,
CCS_1d20200712,14,,,,,,,,,,,,,,,,,,,,,,,,,,,,,
CCS_1d20200803,14,,,,,,,,,,,,,,,,,,,,,,,,,,,,,
CCS_1d20220618,14,,,,,,,,,,,,,,,,,,,,,,,,,,,,,
CCS_1d20220902,14,,,,,,,,,,,,,,,,,,,,,,,,,,,,,
CCS_1d20220904,14,,,,,,,,,,,,,,,,,,,,,,,,,,,,,
CCS_1d20220912,14,,,,,,,,,,,,,,,,,,,,,,,,,,,,,
CCS_1d20230828,14,,,,,,,,,,,,,,,,,,,,,,,,,,,,,
CCS_1d20230906,14,,,,,,,,,,,,,,,,,,,,,,,,,,,,,
CCS_1d20140513,13,,,,,,,,,,,,,,,,,,,,,,,,,,,,,
CCS_1d20140906,13,,,,,,,,,,,,,,,,,,,,,,,,,,,,,
CCS_1d20150403,13,,,,,,,,,,,,,,,,,,,,,,,,,,,,,
CCS_1d20150716,13,,,,,,,,,,,,,,,,,,,,,,,,,,,,,
CCS_1d20150802,13,,,,,,,,,,,,,,,,,,,,,,,,,,,,,
CCS_1d20150828,13,,,,,,,,,,,,,,,,,,,,,,,,,,,,,
CCS_1d20160528,13,,,,,,,,,,,,,,,,,,,,,,,,,,,,,
CCS_1d20160709,13,,,,,,,,,,,,,,,,,,,,,,,,,,,,,
CCS_1d20160729,13,,,,,,,,,,,,,,,,,,,,,,,,,,,,,
CCS_1d20160912,13,,,,,,,,,,,,,,,,,,,,,,,,,,,,,
CCS_1d20161004,13,,,,,,,,,,,,,,,,,,,,,,,,,,,,,
CCS_1d20161024,13,,,,,,,,,,,,,,,,,,,,,,,,,,,,,
CCS_1d20170711,13,,,,,,,,,,,,,,,,,,,,,,,,,,,,,
CCS_1d20170905,13,,,,,,,,,,,,,,,,,,,,,,,,,,,,,
CCS_1d20180407,13,,,,,,,,,,,,,,,,,,,,,,,,,,,,,
CCS_1d20180712,13,,,,,,,,,,,,,,,,,,,,,,,,,,,,,
CCS_1d20180816,13,,,,,,,,,,,,,,,,,,,,,,,,,,,,,
CCS_1d20200521,13,,,,,,,,,,,,,,,,,,,,,,,,,,,,,
CCS_1d20200922,13,,,,,,,,,,,,,,,,,,,,,,,,,,,,,
CCS_1d20201014,13,,,,,,,,,,,,,,,,,,,,,,,,,,,,,
CCS_1d20201030,13,,,,,,,,,,,,,,,,,,,,,,,,,,,,,
CCS_1d20210812,13,,,,,,,,,,,,,,,,,,,,,,,,,,,,,
CCS_1d20210915,13,,,,,,,,,,,,,,,,,,,,,,,,,,,,,
CCS_1d20220112,13,,,,,,,,,,,,,,,,,,,,,,,,,,,,,
CCS_1d20140720,12,,,,,,,,,,,,,,,,,,,,,,,,,,,,,
CCS_1d20150922,12,,,,,,,,,,,,,,,,,,,,,,,,,,,,,
CCS_1d20160623,12,,,,,,,,,,,,,,,,,,,,,,,,,,,,,
CCS_1d20160707,12,,,,,,,,,,,,,,,,,,,,,,,,,,,,,
CCS_1d20161104,12,,,,,,,,,,,,,,,,,,,,,,,,,,,,,
CCS_1d20170710,12,,,,,,,,,,,,,,,,,,,,,,,,,,,,,
CCS_1d20170724,12,,,,,,,,,,,,,,,,,,,,,,,,,,,,,
CCS_1d20170802,12,,,,,,,,,,,,,,,,,,,,,,,,,,,,,
CCS_1d20170821,12,,,,,,,,,,,,,,,,,,,,,,,,,,,,,
CCS_1d20180623,12,,,,,,,,,,,,,,,,,,,,,,,,,,,,,
CCS_1d20180806,12,,,,,,,,,,,,,,,,,,,,,,,,,,,,,
CCS_1d20190531,12,,,,,,,,,,,,,,,,,,,,,,,,,,,,,
CCS_1d20200423,12,,,,,,,,,,,,,,,,,,,,,,,,,,,,,
CCS_1d20200727,12,,,,,,,,,,,,,,,,,,,,,,,,,,,,,
CCS_1d20200917,12,,,,,,,,,,,,,,,,,,,,,,,,,,,,,
CCS_1d20200927,12,,,,,,,,,,,,,,,,,,,,,,,,,,,,,
CCS_1d20210623,12,,,,,,,,,,,,,,,,,,,,,,,,,,,,,
CCS_1d20210707,12,,,,,,,,,,,,,,,,,,,,,,,,,,,,,
CCS_1d20210803,12,,,,,,,,,,,,,,,,,,,,,,,,,,,,,
CCS_1d20210806,12,,,,,,,,,,,,,,,,,,,,,,,,,,,,,
CCS_1d20210831,12,,,,,,,,,,,,,,,,,,,,,,,,,,,,,
CCS_1d20211206,12,,,,,,,,,,,,,,,,,,,,,,,,,,,,,
CCS_1d20230815,12,,,,,,,,,,,,,,,,,,,,,,,,,,,,,
CCS_1d20230822,12,,,,,,,,,,,,,,,,,,,,,,,,,,,,,
CCS_1d20140630,11,,,,,,,,,,,,,,,,,,,,,,,,,,,,,
CCS_1d20140721,11,,,,,,,,,,,,,,,,,,,,,,,,,,,,,
CCS_1d20140816,11,,,,,,,,,,,,,,,,,,,,,,,,,,,,,
CCS_1d20150602,11,,,,,,,,,,,,,,,,,,,,,,,,,,,,,
CCS_1d20160524,11,,,,,,,,,,,,,,,,,,,,,,,,,,,,,
CCS_1d20160730,11,,,,,,,,,,,,,,,,,,,,,,,,,,,,,
CCS_1d20160930,11,,,,,,,,,,,,,,,,,,,,,,,,,,,,,
CCS_1d20170726,11,,,,,,,,,,,,,,,,,,,,,,,,,,,,,
CCS_1d20170826,11,,,,,,,,,,,,,,,,,,,,,,,,,,,,,
CCS_1d20170907,11,,,,,,,,,,,,,,,,,,,,,,,,,,,,,
CCS_1d20170919,11,,,,,,,,,,,,,,,,,,,,,,,,,,,,,
CCS_1d20180419,11,,,,,,,,,,,,,,,,,,,,,,,,,,,,,
CCS_1d20180429,11,,,,,,,,,,,,,,,,,,,,,,,,,,,,,
CCS_1d20180726,11,,,,,,,,,,,,,,,,,,,,,,,,,,,,,
CCS_1d20180820,11,,,,,,,,,,,,,,,,,,,,,,,,,,,,,
CCS_1d20180920,11,,,,,,,,,,,,,,,,,,,,,,,,,,,,,
CCS_1d20190922,11,,,,,,,,,,,,,,,,,,,,,,,,,,,,,
CCS_1d20191006,11,,,,,,,,,,,,,,,,,,,,,,,,,,,,,
CCS_1d20200812,11,,,,,,,,,,,,,,,,,,,,,,,,,,,,,
CCS_1d20200828,11,,,,,,,,,,,,,,,,,,,,,,,,,,,,,
CCS_1d20210511,11,,,,,,,,,,,,,,,,,,,,,,,,,,,,,
CCS_1d20210610,11,,,,,,,,,,,,,,,,,,,,,,,,,,,,,
CCS_1d20210612,11,,,,,,,,,,,,,,,,,,,,,,,,,,,,,
CCS_1d20210622,11,,,,,,,,,,,,,,,,,,,,,,,,,,,,,
CCS_1d20210726,11,,,,,,,,,,,,,,,,,,,,,,,,,,,,,
CCS_1d20220511,11,,,,,,,,,,,,,,,,,,,,,,,,,,,,,
CCS_1d20220731,11,,,,,,,,,,,,,,,,,,,,,,,,,,,,,
CCS_1d20220804,11,,,,,,,,,,,,,,,,,,,,,,,,,,,,,
CCS_1d20220907,11,,,,,,,,,,,,,,,,,,,,,,,,,,,,,
CCS_1d20230319,11,,,,,,,,,,,,,,,,,,,,,,,,,,,,,
CCS_1d20230620,11,,,,,,,,,,,,,,,,,,,,,,,,,,,,,
CCS_1d20230621,11,,,,,,,,,,,,,,,,,,,,,,,,,,,,,
CCS_1d20140618,10,,,,,,,,,,,,,,,,,,,,,,,,,,,,,
CCS_1d20140621,10,,,,,,,,,,,,,,,,,,,,,,,,,,,,,
CCS_1d20140629,10,,,,,,,,,,,,,,,,,,,,,,,,,,,,,
CCS_1d20140825,10,,,,,,,,,,,,,,,,,,,,,,,,,,,,,
CCS_1d20140829,10,,,,,,,,,,,,,,,,,,,,,,,,,,,,,
CCS_1d20141013,10,,,,,,,,,,,,,,,,,,,,,,,,,,,,,
CCS_1d20150101,10,,,,,,,,,,,,,,,,,,,,,,,,,,,,,
CCS_1d20150612,10,,,,,,,,,,,,,,,,,,,,,,,,,,,,,
CCS_1d20150808,10,,,,,,,,,,,,,,,,,,,,,,,,,,,,,
CCS_1d20150823,10,,,,,,,,,,,,,,,,,,,,,,,,,,,,,
CCS_1d20150905,10,,,,,,,,,,,,,,,,,,,,,,,,,,,,,
CCS_1d20150921,10,,,,,,,,,,,,,,,,,,,,,,,,,,,,,
CCS_1d20160924,10,,,,,,,,,,,,,,,,,,,,,,,,,,,,,
CCS_1d20161007,10,,,,,,,,,,,,,,,,,,,,,,,,,,,,,
CCS_1d20171001,10,,,,,,,,,,,,,,,,,,,,,,,,,,,,,
CCS_1d20180330,10,,,,,,,,,,,,,,,,,,,,,,,,,,,,,
CCS_1d20180414,10,,,,,,,,,,,,,,,,,,,,,,,,,,,,,
CCS_1d20180422,10,,,,,,,,,,,,,,,,,,,,,,,,,,,,,
CCS_1d20180614,10,,,,,,,,,,,,,,,,,,,,,,,,,,,,,
CCS_1d20190402,10,,,,,,,,,,,,,,,,,,,,,,,,,,,,,
CCS_1d20200612,10,,,,,,,,,,,,,,,,,,,,,,,,,,,,,
CCS_1d20200806,10,,,,,,,,,,,,,,,,,,,,,,,,,,,,,
CCS_1d20200829,10,,,,,,,,,,,,,,,,,,,,,,,,,,,,,
CCS_1d20200913,10,,,,,,,,,,,,,,,,,,,,,,,,,,,,,
CCS_1d20210825,10,,,,,,,,,,,,,,,,,,,,,,,,,,,,,
CCS_1d20220619,10,,,,,,,,,,,,,,,,,,,,,,,,,,,,,
CCS_1d20230619,10,,,,,,,,,,,,,,,,,,,,,,,,,,,,,
CCS_1d20230704,10,,,,,,,,,,,,,,,,,,,,,,,,,,,,,
CCS_1d20230813,10,,,,,,,,,,,,,,,,,,,,,,,,,,,,,
CCS_1d20230911,10,,,,,,,,,,,,,,,,,,,,,,,,,,,,,
